Workbook

Sheet Tracker
A1: # | B1: Тиждень | C1: Завдання | D1: Хто | E1: Статус | F1: Пріоритет | G1: Нотатки
B2: Готово (Setup)
A3: 1 | B3: Setup | C3: Docker-середовище (nginx + PHP 8.3 + MariaDB + Redis + MailHog) | D3: Dev 1 | E3: Done | F3: High
A4: 2 | B4: Setup | C4: composer.json з усіма модулями | D4: Dev 1 | E4: Done | F4: High
A5: 3 | B5: Setup | C5: Скрипти install.sh / start.sh | D5: Dev 1 | E5: Done | F5: High
A6: 4 | B6: Setup | C6: .gitattributes / .gitignore / .env.example | D6: Dev 1 | E6: Done | F6: Medium
A7: 5 | B7: Setup | C7: Git-репо + GitHub push | D7: Dev 1 | E7: Done | F7: High
A8: 6 | B8: Setup | C8: PROJECT_PLAN.md — повний технічний план | D8: Dev 1 | E8: Done | F8: High
A9: 7 | B9: Setup | C9: Drupal встановлено на localhost | D9: Dev 1 | E9: Done | F9: High
B10: Тиждень 1 — Спільний фундамент
A11: 8 | B11: Тижд.1 | C11: Включити та налаштувати всі модулі | D11: Разом | E11: Not Started | F11: High
A12: 9 | B12: Тижд.1 | C12: Config export/import воркфлоу | D12: Разом | E12: Not Started | F12: High
A13: 10 | B13: Тижд.1 | C13: Таксономія product_category | D13: Разом | E13: Not Started | F13: High
A14: 11 | B14: Тижд.1 | C14: Таксономія industry_tax | D14: Разом | E14: Not Started | F14: High
A15: 12 | B15: Тижд.1 | C15: Таксономія state_province (50 штатів + 13 провінцій) | D15: Разом | E15: Not Started | F15: Medium
A16: 13 | B16: Тижд.1 | C16: 13 стилів зображень (за PROJECT_PLAN §7.7) | D16: Разом | E16: Not Started | F16: High
A17: 14 | B17: Тижд.1 | C17: Головне меню — повна структура | D17: Разом | E17: Not Started | F17: High
A18: 15 | B18: Тижд.1 | C18: Тема bearcom — каркас (info.yml, libraries.yml) | D18: Разом | E18: Not Started | F18: High
A19: 16 | B19: Тижд.1 | C19: CSS-змінні, ресет, типографіка H1-H5, сітка | D19: Разом | E19: Not Started | F19: High
A20: 17 | B20: Тижд.1 | C20: Хедер — top bar + навігація + Contact Us | D20: Разом | E20: Not Started | F20: High
A21: 18 | B21: Тижд.1 | C21: Мега-меню — ховер-дропдауни + JS | D21: Разом | E21: Not Started | F21: High
A22: 19 | B22: Тижд.1 | C22: Пошук в хедері | D22: Разом | E22: Not Started | F22: Medium
... A25: 22 | B25: Тижд.1 | C25: drush cex → git push (зафіксувати базу) | D25: Разом | E25: Not Started | F25: High
B26: Тиждень 2 — Dev 1: Головна / Dev 2: Індустрії
A27: 23 | B27: Тижд.2 | C27: CT flexible_page з усіма полями | D27: Dev 1 | E27: Not Started | F27: High
A28: 24 | B28: Тижд.2 | C28: Параграфи: hero_banner, cta_block, card_grid, card_item | D28: Dev 1 | E28: Not Started | F28: High
A29: 25 | B29: Тижд.2 | C29: Параграфи: stats_counter, stat_item, rentals_connected | D29: Dev 1 | E29: Not Started | F29: High
A30: 26 | B30: Тижд.2 | C30: Параграфи: guided_journey, gj_tab, checklist_item | D30: Dev 1 | E30: Not Started | F30: High
A31: 27 | B31: Тижд.2 | C31: Нода Homepage → front page | D31: Dev 1 | E31: Not Started | F31: High
A32: 28 | B32: Тижд.2 | C32: Шаблони: Hero, CTA, Card Grid, Stats, Guided Journey, Rentals | D32: Dev 1 | E32: Not Started | F32: High
A33: 29 | B33: Тижд.2 | C33: JS: stats-counter.js, tabs.js | D33: Dev 1 | E33: Not Started | F33: Medium
A34: 30 | B34: Тижд.2 | C34: ЗІБРАТИ ГОЛОВНУ СТОРІНКУ | D34: Dev 1 | E34: Not Started | F34: High
A35: 31 | B35: Тижд.2 | C35: CT industry (icon, hero, body, solutions, cta) | D35: Dev 2 | E35: Not Started | F35: High
A36: 32 | B36: Тижд.2 | C36: Параграф content_block (title, body, image, layout L/R) | D36: Dev 2 | E36: Not Started | F36: High
A37: 33 | B37: Тижд.2 | C37: View industries_listing (Grid 3x3) | D37: Dev 2 | E37: Not Started | F37: Medium
A38: 34 | B38: Тижд.2 | C38: 3 тестові індустрії | D38: Dev 2 | E38: Not Started | F38: Medium
... A40: 36 | B40: Тижд.2 | C40: ЗІБРАТИ: батьківську індустрій + сторінку індустрії | D40: Dev 2 | E40: Not Started | F40: High
B41: Тиждень 3 — Dev 1: Каталог / Dev 2: Сервіс
A42: 37 | B42: Тижд.3 | C42: CT product з усіма полями | D42: Dev 1 | E42: Not Started | F42: High
A43: 38 | B43: Тижд.3 | C43: View products_listing (BEF + AJAX + pager) | D43: Dev 1 | E43: Not Started | F43: High
A44: 39 | B44: Тижд.3 | C44: 3-5 тестових товарів | D44: Dev 1 | E44: Not Started | F44: Medium
A45: 40 | B45: Тижд.3 | C45: Product Card + Filter Sidebar + Pagination | D45: Dev 1 | E45: Not Started | F45: High
A46: 41 | B46: Тижд.3 | C46: ЗІБРАТИ КАТАЛОГ | D46: Dev 1 | E46: Not Started | F46: High
A47: 42 | B47: Тижд.3 | C47: CT service (hero, content blocks, video, faq, cta) | D47: Dev 2 | E47: Not Started | F47: High
A48: 43 | B48: Тижд.3 | C48: Параграф faq_item (question + answer) | D48: Dev 2 | E48: Not Started | F48: High
A49: 44 | B49: Тижд.3 | C49: 2 тестові сервіси | D49: Dev 2 | E49: Not Started | F49: Medium
A50: 45 | B50: Тижд.3 | C50: FAQ Accordion шаблон + accordion.js | D50: Dev 2 | E50: Not Started | F50: High
A51: 46 | B51: Тижд.3 | C51: ЗІБРАТИ СТОРІНКУ СЕРВІСУ | D51: Dev 2 | E51: Not Started | F51: High
B52: Тиждень 4 — Dev 1: Товар / Dev 2: Локації (бекенд)
A53: 47 | B53: Тижд.4 | C53: Параграфи: spec_table, spec_row, accessories_grid, video_block | D53: Dev 1 | E53: Not Started | F53: High
A54: 48 | B54: Тижд.4 | C54: Product — Field Group для адмінки | D54: Dev 1 | E54: Not Started | F54: Medium
A55: 49 | B55: Тижд.4 | C55: View related_products (block, same category) | D55: Dev 1 | E55: Not Started | F55: Medium
A56: 50 | B56: Тижд.4 | C56: 2-3 повністю заповнених товари | D56: Dev 1 | E56: Not Started | F56: Medium
A57: 51 | B57: Тижд.4 | C57: Табова навігація + smooth-scroll.js + галерея | D57: Dev 1 | E57: Not Started | F57: High
A58: 52 | B58: Тижд.4 | C58: Spec Table + Accessories Grid + карусель JS | D58: Dev 1 | E58: Not Started | F58: High
A59: 53 | B59: Тижд.4 | C59: ЗІБРАТИ СТОРІНКУ ТОВАРУ | D59: Dev 1 | E59: Not Started | F59: High
A60: 54 | B60: Тижд.4 | C60: CT location (address, phone, state, geofield, hours, images, faq) | D60: Dev 2 | E60: Not Started | F60: High
A61: 55 | B61: Тижд.4 | C61: Параграф open_hours_row | D61: Dev 2 | E61: Not Started | F61: Medium
A62: 56 | B62: Тижд.4 | C62: Geofield + Leaflet налаштування | D62: Dev 2 | E62: Not Started | F62: High
A63: 57 | B63: Тижд.4 | C63: View locations_directory (grouped by state) | D63: Dev 2 | E63: Not Started | F63: High
A64: 58 | B64: Тижд.4 | C64: Кастомний модуль bearcom_locations (REST API) | D64: Dev 2 | E64: Not Started | F64: High
B65: Тиждень 5 — Dev 1: Стаття / Dev 2: Локації (фронтенд)
A66: 59 | B66: Тижд.5 | C66: CT article (hero_image, hero_style, body, cta) | D66: Dev 1 | E66: Not Started | F66: High
A67: 60 | B67: Тижд.5 | C67: 2 тестові статті | D67: Dev 1 | E67: Not Started | F67: Medium
A68: 61 | B68: Тижд.5 | C68: Шаблон Article v1 (image hero) + v2 (blue hero) | D68: Dev 1 | E68: Not Started | F68: High
A69: 62 | B69: Тижд.5 | C69: Share Buttons компонент | D69: Dev 1 | E69: Not Started | F69: Low
A70: 63 | B70: Тижд.5 | C70: Нода Location Parent (flexible_page) на /locations | D70: Dev 2 | E70: Not Started | F70: High
A71: 64 | B71: Тижд.5 | C71: 3-5 тестових локацій | D71: Dev 2 | E71: Not Started | F71: Medium
A72: 65 | B72: Тижд.5 | C72: Location Card + Open Hours Table шаблони | D72: Dev 2 | E72: Not Started | F72: High
A73: 66 | B73: Тижд.5 | C73: location-search.js — AJAX + Leaflet карта | D73: Dev 2 | E73: Not Started | F73: High
A74: 67 | B74: Тижд.5 | C74: State Directory (5 колонок) | D74: Dev 2 | E74: Not Started | F74: High
A75: 68 | B75: Тижд.5 | C75: Metatag — SEO для всіх CT | D75: Dev 2 | E75: Not Started | F75: Medium
A76: 69 | B76: Тижд.5 | C76: ЗІБРАТИ: батьківську локацій + локацію v1/v2 | D76: Dev 2 | E76: Not Started | F76: High
B77: Тиждень 6 — Dev 1: LP + Пошук / Dev 2: Контакти
A78: 70 | B78: Тижд.6 | C78: CT landing_page з усіма полями | D78: Dev 1 | E78: Not Started | F78: High
A79: 71 | B79: Тижд.6 | C79: Webform lead_capture | D79: Dev 1 | E79: Not Started | F79: Medium
A80: 72 | B80: Тижд.6 | C80: Search API — DB backend + індексація | D80: Dev 1 | E80: Not Started | F80: High
A81: 73 | B81: Тижд.6 | C81: View search_results (highlight + pager) | D81: Dev 1 | E81: Not Started | F81: High
A82: 74 | B82: Тижд.6 | C82: Pathauto-патерни для всіх CT | D82: Dev 1 | E82: Not Started | F82: High
A83: 75 | B83: Тижд.6 | C83: ЗІБРАТИ: Paid Search LP + сторінку пошуку | D83: Dev 1 | E83: Not Started | F83: High
A84: 76 | B84: Тижд.6 | C84: Webform contact_us (reCAPTCHA, AJAX, модалка) | D84: Dev 2 | E84: Not Started | F84: High
A85: 77 | B85: Тижд.6 | C85: Нода Contact Us (flexible_page) на /contact-us | D85: Dev 2 | E85: Not Started | F85: High
A86: 78 | B86: Тижд.6 | C86: ЗІБРАТИ КОНТАКТИ — текст + переваги + форма | D86: Dev 2 | E86: Not Started | F86: High
A87: 79 | B87: Тижд.6 | C87: Стилізація Webform | D87: Dev 2 | E87: Not Started | F87: High
B88: Тиждень 7 — Dev 1: резерв / Dev 2: 403+404
A89: 80 | B89: Тижд.7 | C89: Допрацювання / виправлення по своїх сторінках | D89: Dev 1 | E89: Not Started | F89: Medium
A90: 81 | B90: Тижд.7 | C90: ЗІБРАТИ 403 + 404 сторінки | D90: Dev 2 | E90: Not Started | F90: Medium
A91: 82 | B91: Тижд.7 | C91: Допрацювання / виправлення по своїх сторінках | D91: Dev 2 | E91: Not Started | F91: Medium
B92: Тижні 8-9 — Адаптив (кожен свої сторінки)
A93: 83 | B93: Тижд.8-9 | C93: Адаптив: Головна, Каталог, Товар, Стаття, LP, Пошук | D93: Dev 1 | E93: Not Started | F93: High
A94: 84 | B94: Тижд.8-9 | C94: Адаптив: Індустрії, Сервіс, Локації, Контакти, 403, 404 | D94: Dev 2 | E94: Not Started | F94: High
A95: 85 | B95: Тижд.8-9 | C95: Планшет (768-1024px) — свої сторінки | D95: Dev 1 | E95: Not Started | F95: Medium
A96: 86 | B96: Тижд.8-9 | C96: Планшет (768-1024px) — свої сторінки | D96: Dev 2 | E96: Not Started | F96: Medium
A97: 87 | B97: Тижд.8-9 | C97: Ховер/active/focus стани — свої сторінки | D97: Dev 1 | E97: Not Started | F97: Medium
A98: 88 | B98: Тижд.8-9 | C98: Ховер/active/focus стани — свої сторінки | D98: Dev 2 | E98: Not Started | F98: Medium
B99: Тиждень 10 — Спільне полірування + QA
A100: 89 | B100: Тижд.10 | C100: Config export + config_split (dev/prod) | D100: Разом | E100: Not Started | F100: Medium
A101: 90 | B101: Тижд.10 | C101: Redis як кеш-бекенд | D101: Разом | E101: Not Started | F101: Medium
A102: 91 | B102: Тижд.10 | C102: CSS/JS агрегація, lazy loading | D102: Разом | E102: Not Started | F102: Medium
A103: 92 | B103: Тижд.10 | C103: Robots.txt, sitemap.xml | D103: Разом | E103: Not Started | F103: Low
...

Sheet Progress
B1: Всього | C1: Готово | D1: % Готово
A2: Setup | B2: =COUNTIF(Tracker!B:B,"Setup") | C2: =COUNTIFS(Tracker!B:B,"Setup",Tracker!E:E,"Done") | D2: =IF(B1=0,0,C1/B1)
A3: Тиждень 1 | B3: =COUNTIF(Tracker!B:B,"Тижд.1") | C3: =COUNTIFS(Tracker!B:B,"Тижд.1",Tracker!E:E,"Done") | D3: =IF(B2=0,0,C2/B2)
A4: Тиждень 2 | B4: =COUNTIF(Tracker!B:B,"Тижд.2") | C4: =COUNTIFS(Tracker!B:B,"Тижд.2",Tracker!E:E,"Done") | D4: =IF(B3=0,0,C3/B3)
A5: Тиждень 3 | B5: =COUNTIF(Tracker!B:B,"Тижд.3") | C5: =COUNTIFS(Tracker!B:B,"Тижд.3",Tracker!E:E,"Done") | D5: =IF(B4=0,0,C4/B4)
A6: Тиждень 4 | B6: =COUNTIF(Tracker!B:B,"Тижд.4") | C6: =COUNTIFS(Tracker!B:B,"Тижд.4",Tracker!E:E,"Done") | D6: =IF(B5=0,0,C5/B5)
A7: Тиждень 5 | B7: =COUNTIF(Tracker!B:B,"Тижд.5") | C7: =COUNTIFS(Tracker!B:B,"Тижд.5",Tracker!E:E,"Done") | D7: =IF(B6=0,0,C6/B6)
A8: Тиждень 6 | B8: =COUNTIF(Tracker!B:B,"Тижд.6") | C8: =COUNTIFS(Tracker!B:B,"Тижд.6",Tracker!E:E,"Done") | D8: =IF(B7=0,0,C7/B7)
A9: Тиждень 7 | B9: =COUNTIF(Tracker!B:B,"Тижд.7") | C9: =COUNTIFS(Tracker!B:B,"Тижд.7",Tracker!E:E,"Done") | D9: =IF(B8=0,0,C8/B8)
A10: Тижні 8-9 | B10: =COUNTIF(Tracker!B:B,"Тижд.8-9") | C10: =COUNTIFS(Tracker!B:B,"Тижд.8-9",Tracker!E:E,"Done") | D10: =IF(B9=0,0,C9/B9)
A11: Тиждень 10 | B11: =COUNTIF(Tracker!B:B,"Тижд.10") | C11: =COUNTIFS(Tracker!B:B,"Тижд.10",Tracker!E:E,"Done") | D11: =IF(B10=0,0,C10/B10)
A12: РАЗОМ | B12: =SUM(B2:B11) | C12: =SUM(C2:C11) | D12: =IF(B12=0,0,C12/B12)
